queries,query
binaries,binary
site,website
sites,website
websites,website
files,file
levels,level
released,release
developers,developer
platforms,platform
assets,asset
blueprints,blueprint
players,player
plugins,plugin
bugs,bug
engines,engine
domains,domain
games,game
flags,flag
shadows,shadow
characters,character
lights,light
lighting,light
threads,thread
c#,câ™¯
bytes,byte
spec,specification
maps,map
setpieces,setpiece
models,model
meshes,mesh
textures,texture
triangles,triangle
certificates,certificate
fixing,fix
fixes,fix
fixed,fix
scammer,scam
scammed,scam
scammers,scam
repo,repository
objects,object
recipes,recipe
recording,record
recorded,record
records,record
uploaded,upload
uploads,upload
uploading,upload
generated,generate
generates,generate
generating,generate
streamed,stream
streams,stream
streaming,stream
disappearing,disappear
disappears,disappear
disappeared,disappear
building,build
built,build
builds,build
sequences,sequence
messages,message
messaged,message
messaging,message
passwords,password
videos,video
interfaces,interface
interfacing,interface
credentials,credential
variables,variable
automating,automate
automation,automate
automates,automate
scripts,script
scripting,script
actors,actor
components,component
permissions,permission
secrets,secret
machines,machine
installed,install
installs,install
installing,install
stats,statistic
statistics,statistic
scenes,scene
screenshots,screenshot
converts,convert
converting,convert
converted,convert
commands,command
commanding,command
commanded,command
applications,application
app,application
apps,application
compresses,compress
compressed,compress
compressing,compress
saved,save
saving,save
saves,save
options,option
artists,artist
cityscapes,cityscape
rooftops,rooftop
constants,constant
zipping,zip
zipped,zip
zips,zip
cut-scene,cutscene
full-screen,fullscreen
graphing,graph
graphs,graph
graphed,graph
sampling,sample
samples,sample
sampled,sample
issues,issue
sensors,sensor
picos,pico
apis,api
discards,discard
invokes,invoke
capsules,capsule
shapes,shape
triggers,triggers
wires,wire
products,product
pipelines,pipeline
servers,server
upgrading,upgrade
upscaled,upscale
upscaling,upscale
units,unit
triggered,trigger
transitioning,transition
texturing,texture
texts,text
tessellate,tessllation
tessellated,tessellation
tessellating,tessellation
teams,team
tasks,task
symbols,symbol
connected,connect
connections,connect
connecting,connect
connects,connect
connection,connect
